timestamp,heart_rate,blood_oxygen,activity_level,label
2025-12-02 20:24:00,75,93,low,0
2025-12-02 20:25:00,108,93,high,0
2025-12-02 20:26:00,63,91,low,0
2025-12-02 20:27:00,71,100,low,0
2025-12-02 20:28:00,138,91,moderate,1
2025-12-02 20:29:00,101,89,high,0
2025-12-02 20:30:00,92,98,moderate,0
2025-12-02 20:31:00,70,95,low,0
2025-12-02 20:32:00,109,90,low,0
2025-12-02 20:33:00,77,94,low,0
2025-12-02 20:34:00,82,94,moderate,0
2025-12-02 20:35:00,94,99,low,0
2025-12-02 20:36:00,60,91,high,0
2025-12-02 20:37:00,91,95,low,0
2025-12-02 20:38:00,143,90,low,1
2025-12-02 20:39:00,105,95,moderate,0
2025-12-02 20:40:00,60,95,low,0
2025-12-02 20:41:00,97,96,low,0
2025-12-02 20:42:00,98,88,low,0
2025-12-02 20:43:00,84,88,low,0
2025-12-02 20:44:00,72,98,moderate,0
2025-12-02 20:45:00,101,94,low,0
2025-12-02 20:46:00,112,87,low,1
2025-12-02 20:47:00,105,94,moderate,0
2025-12-02 20:48:00,102,94,high,0
2025-12-02 20:49:00,66,91,low,0
2025-12-02 20:50:00,94,98,moderate,0
2025-12-02 20:51:00,73,95,low,0
2025-12-02 20:52:00,68,97,moderate,0
2025-12-02 20:53:00,97,89,moderate,0
2025-12-02 20:54:00,101,90,low,0
2025-12-02 20:55:00,82,100,low,0
2025-12-02 20:56:00,107,97,moderate,0
2025-12-02 20:57:00,73,97,low,0
2025-12-02 20:58:00,83,97,moderate,0
2025-12-02 20:59:00,91,88,high,0
2025-12-02 21:00:00,91,99,low,0
2025-12-02 21:01:00,74,91,moderate,0
2025-12-02 21:02:00,77,95,low,0
2025-12-02 21:03:00,64,93,low,0
2025-12-02 21:04:00,90,98,low,0
2025-12-02 21:05:00,83,92,moderate,0
2025-12-02 21:06:00,83,97,low,0
2025-12-02 21:07:00,85,96,moderate,0
2025-12-02 21:08:00,94,92,moderate,0
2025-12-02 21:09:00,70,92,moderate,0
2025-12-02 21:10:00,83,100,low,0
2025-12-02 21:11:00,108,94,low,0
2025-12-02 21:12:00,101,95,moderate,0
2025-12-02 21:13:00,99,91,low,0
2025-12-02 21:14:00,75,100,low,0
2025-12-02 21:15:00,72,94,moderate,0
2025-12-02 21:16:00,73,93,low,0
2025-12-02 21:17:00,108,98,low,0
2025-12-02 21:18:00,78,92,low,0
2025-12-02 21:19:00,107,97,low,0
2025-12-02 21:20:00,98,90,moderate,0
2025-12-02 21:21:00,83,91,moderate,0
2025-12-02 21:22:00,130,91,low,1
2025-12-02 21:23:00,79,91,low,0
2025-12-02 21:24:00,71,93,low,0
2025-12-02 21:25:00,92,98,low,0
2025-12-02 21:26:00,70,92,low,0
2025-12-02 21:27:00,56,91,low,0
2025-12-02 21:28:00,109,83,low,1
2025-12-02 21:29:00,102,83,moderate,1
2025-12-02 21:30:00,75,93,low,0
2025-12-02 21:31:00,59,96,low,0
2025-12-02 21:32:00,86,100,high,0
2025-12-02 21:33:00,77,99,low,0
2025-12-02 21:34:00,125,90,low,1
2025-12-02 21:35:00,89,89,moderate,0
2025-12-02 21:36:00,103,97,low,0
2025-12-02 21:37:00,67,89,moderate,0
2025-12-02 21:38:00,73,99,moderate,0
2025-12-02 21:39:00,77,94,low,0
2025-12-02 21:40:00,63,88,low,0
2025-12-02 21:41:00,88,91,moderate,0
2025-12-02 21:42:00,60,98,low,0
2025-12-02 21:43:00,69,99,low,0
2025-12-02 21:44:00,62,99,low,0
2025-12-02 21:45:00,99,90,high,0
2025-12-02 21:46:00,97,90,moderate,0
2025-12-02 21:47:00,58,100,moderate,0
2025-12-02 21:48:00,76,92,low,0
2025-12-02 21:49:00,107,100,low,0
2025-12-02 21:50:00,87,97,low,0
2025-12-02 21:51:00,105,98,high,0
2025-12-02 21:52:00,108,92,low,0
2025-12-02 21:53:00,72,88,low,0
2025-12-02 21:54:00,106,100,low,0
2025-12-02 21:55:00,57,96,low,0
2025-12-02 21:56:00,59,91,low,0
2025-12-02 21:57:00,85,91,low,0
2025-12-02 21:58:00,60,88,low,0
2025-12-02 21:59:00,69,100,low,0
2025-12-02 22:00:00,76,89,low,0
2025-12-02 22:01:00,86,92,low,0
2025-12-02 22:02:00,87,91,high,0
2025-12-02 22:03:00,98,99,low,0
2025-12-02 22:04:00,67,93,low,0
2025-12-02 22:05:00,93,96,moderate,0
2025-12-02 22:06:00,68,97,moderate,0
2025-12-02 22:07:00,102,97,low,0
2025-12-02 22:08:00,84,91,high,0
2025-12-02 22:09:00,109,96,low,0
2025-12-02 22:10:00,98,98,low,0
2025-12-02 22:11:00,89,96,high,0
2025-12-02 22:12:00,100,94,moderate,0
2025-12-02 22:13:00,68,89,moderate,0
2025-12-02 22:14:00,105,96,high,0
2025-12-02 22:15:00,72,97,moderate,0
2025-12-02 22:16:00,83,91,moderate,0
2025-12-02 22:17:00,156,85,low,1
2025-12-02 22:18:00,75,98,low,0
2025-12-02 22:19:00,102,88,low,0
2025-12-02 22:20:00,57,92,low,0
2025-12-02 22:21:00,63,93,moderate,0
2025-12-02 22:22:00,73,95,moderate,0
2025-12-02 22:23:00,87,91,moderate,0
2025-12-02 22:24:00,93,97,low,0
2025-12-02 22:25:00,64,97,low,0
2025-12-02 22:26:00,94,100,low,0
2025-12-02 22:27:00,107,96,low,0
2025-12-02 22:28:00,89,96,low,0
2025-12-02 22:29:00,61,100,low,0
2025-12-02 22:30:00,66,97,low,0
2025-12-02 22:31:00,99,92,low,0
2025-12-02 22:32:00,65,95,low,0
2025-12-02 22:33:00,81,95,high,0
2025-12-02 22:34:00,126,89,high,1
2025-12-02 22:35:00,65,96,low,0
2025-12-02 22:36:00,68,96,low,0
2025-12-02 22:37:00,109,97,low,0
2025-12-02 22:38:00,120,79,moderate,1
2025-12-02 22:39:00,90,89,low,0
2025-12-02 22:40:00,87,88,high,0
2025-12-02 22:41:00,67,92,moderate,0
2025-12-02 22:42:00,109,93,low,0
2025-12-02 22:43:00,97,90,low,0
2025-12-02 22:44:00,74,91,low,0
2025-12-02 22:45:00,59,88,moderate,0
2025-12-02 22:46:00,104,97,moderate,0
2025-12-02 22:47:00,78,92,moderate,0
2025-12-02 22:48:00,121,94,low,1
2025-12-02 22:49:00,82,97,low,0
2025-12-02 22:50:00,83,96,low,0
2025-12-02 22:51:00,69,91,low,0
2025-12-02 22:52:00,59,88,high,0
2025-12-02 22:53:00,102,96,moderate,0
2025-12-02 22:54:00,104,93,low,0
2025-12-02 22:55:00,105,91,low,0
2025-12-02 22:56:00,86,100,high,0
2025-12-02 22:57:00,58,99,low,0
2025-12-02 22:58:00,85,98,low,0
2025-12-02 22:59:00,58,88,low,0
2025-12-02 23:00:00,104,91,high,0
2025-12-02 23:01:00,71,92,low,0
2025-12-02 23:02:00,66,92,low,0
2025-12-02 23:03:00,77,94,low,0
2025-12-02 23:04:00,77,94,high,0
2025-12-02 23:05:00,57,97,low,0
2025-12-02 23:06:00,81,94,low,0
2025-12-02 23:07:00,78,98,low,0
2025-12-02 23:08:00,83,98,low,0
2025-12-02 23:09:00,65,91,low,0
2025-12-02 23:10:00,97,95,low,0
2025-12-02 23:11:00,70,98,moderate,0
2025-12-02 23:12:00,70,100,low,0
2025-12-02 23:13:00,63,98,high,0
2025-12-02 23:14:00,69,91,high,0
2025-12-02 23:15:00,78,98,low,0
2025-12-02 23:16:00,142,93,high,1
2025-12-02 23:17:00,103,92,low,0
2025-12-02 23:18:00,64,94,moderate,0
2025-12-02 23:19:00,63,91,moderate,0
2025-12-02 23:20:00,90,89,low,0
2025-12-02 23:21:00,79,98,low,0
2025-12-02 23:22:00,64,99,low,0
2025-12-02 23:23:00,91,88,moderate,0
2025-12-02 23:24:00,92,93,low,0
2025-12-02 23:25:00,98,92,moderate,0
2025-12-02 23:26:00,63,90,high,0
2025-12-02 23:27:00,58,89,moderate,0
2025-12-02 23:28:00,93,93,moderate,0
2025-12-02 23:29:00,85,98,moderate,0
2025-12-02 23:30:00,83,99,low,0
2025-12-02 23:31:00,90,91,low,0
2025-12-02 23:32:00,80,92,low,0
2025-12-02 23:33:00,67,89,low,0
2025-12-02 23:34:00,100,88,high,0
2025-12-02 23:35:00,70,88,low,0
2025-12-02 23:36:00,96,96,moderate,0
2025-12-02 23:37:00,99,88,moderate,0
2025-12-02 23:38:00,67,93,low,0
2025-12-02 23:39:00,102,93,low,0
2025-12-02 23:40:00,71,97,low,0
2025-12-02 23:41:00,97,93,moderate,0
2025-12-02 23:42:00,103,96,low,0
2025-12-02 23:43:00,89,97,low,0
2025-12-02 23:44:00,55,91,low,0
2025-12-02 23:45:00,96,91,low,0
2025-12-02 23:46:00,123,89,low,1
2025-12-02 23:47:00,62,95,low,0
2025-12-02 23:48:00,64,96,moderate,0
2025-12-02 23:49:00,70,98,moderate,0
2025-12-02 23:50:00,92,88,low,0
2025-12-02 23:51:00,125,95,low,1
2025-12-02 23:52:00,56,88,high,0
2025-12-02 23:53:00,85,96,moderate,0
2025-12-02 23:54:00,65,93,moderate,0
2025-12-02 23:55:00,72,88,low,0
2025-12-02 23:56:00,65,88,low,0
2025-12-02 23:57:00,82,96,low,0
2025-12-02 23:58:00,142,89,low,1
2025-12-02 23:59:00,58,94,low,0
2025-12-03 00:00:00,60,96,high,0
2025-12-03 00:01:00,59,96,low,0
2025-12-03 00:02:00,109,99,low,0
2025-12-03 00:03:00,81,93,high,0
2025-12-03 00:04:00,85,93,moderate,0
2025-12-03 00:05:00,90,93,moderate,0
2025-12-03 00:06:00,68,90,moderate,0
2025-12-03 00:07:00,91,88,low,0
2025-12-03 00:08:00,87,98,low,0
2025-12-03 00:09:00,100,99,high,0
2025-12-03 00:10:00,98,96,low,0
2025-12-03 00:11:00,96,98,moderate,0
2025-12-03 00:12:00,85,90,moderate,0
2025-12-03 00:13:00,91,93,high,0
2025-12-03 00:14:00,67,93,moderate,0
2025-12-03 00:15:00,74,97,low,0
2025-12-03 00:16:00,84,93,low,0
2025-12-03 00:17:00,92,98,high,0
2025-12-03 00:18:00,62,89,moderate,0
2025-12-03 00:19:00,66,88,low,0
2025-12-03 00:20:00,68,88,low,0
2025-12-03 00:21:00,55,99,low,0
2025-12-03 00:22:00,102,97,moderate,0
2025-12-03 00:23:00,78,88,moderate,0
2025-12-03 00:24:00,79,99,moderate,0
2025-12-03 00:25:00,102,96,low,0
2025-12-03 00:26:00,100,94,low,0
2025-12-03 00:27:00,76,93,low,0
2025-12-03 00:28:00,97,90,low,0
2025-12-03 00:29:00,102,92,moderate,0
2025-12-03 00:30:00,81,91,low,0
2025-12-03 00:31:00,75,95,high,0
2025-12-03 00:32:00,86,91,low,0
2025-12-03 00:33:00,67,97,low,0
2025-12-03 00:34:00,89,89,moderate,0
2025-12-03 00:35:00,65,90,moderate,0
2025-12-03 00:36:00,126,89,high,1
2025-12-03 00:37:00,66,95,moderate,0
2025-12-03 00:38:00,84,100,low,0
2025-12-03 00:39:00,92,92,low,0
2025-12-03 00:40:00,56,96,low,0
2025-12-03 00:41:00,67,100,low,0
2025-12-03 00:42:00,58,94,low,0
2025-12-03 00:43:00,108,88,low,0
2025-12-03 00:44:00,69,88,low,0
2025-12-03 00:45:00,71,94,high,0
2025-12-03 00:46:00,73,98,high,0
2025-12-03 00:47:00,74,93,low,0
2025-12-03 00:48:00,63,94,high,0
2025-12-03 00:49:00,74,98,low,0
2025-12-03 00:50:00,65,99,low,0
2025-12-03 00:51:00,68,95,moderate,0
2025-12-03 00:52:00,105,96,low,0
2025-12-03 00:53:00,73,90,low,0
2025-12-03 00:54:00,88,91,low,0
2025-12-03 00:55:00,80,88,moderate,0
2025-12-03 00:56:00,84,96,low,0
2025-12-03 00:57:00,67,95,moderate,0
2025-12-03 00:58:00,106,98,low,0
2025-12-03 00:59:00,104,95,moderate,0
2025-12-03 01:00:00,107,89,low,0
2025-12-03 01:01:00,56,90,high,0
2025-12-03 01:02:00,87,88,low,0
2025-12-03 01:03:00,69,98,low,0
2025-12-03 01:04:00,96,91,low,0
2025-12-03 01:05:00,103,98,moderate,0
2025-12-03 01:06:00,91,90,low,0
2025-12-03 01:07:00,109,95,low,0
2025-12-03 01:08:00,68,89,low,0
2025-12-03 01:09:00,58,98,low,0
2025-12-03 01:10:00,93,100,moderate,0
2025-12-03 01:11:00,108,96,moderate,0
2025-12-03 01:12:00,92,95,low,0
2025-12-03 01:13:00,74,97,moderate,0
2025-12-03 01:14:00,58,97,low,0
2025-12-03 01:15:00,106,94,low,0
2025-12-03 01:16:00,105,100,moderate,0
2025-12-03 01:17:00,108,90,low,0
2025-12-03 01:18:00,78,100,moderate,0
2025-12-03 01:19:00,77,88,high,0
2025-12-03 01:20:00,59,88,moderate,0
2025-12-03 01:21:00,103,89,low,0
2025-12-03 01:22:00,102,98,moderate,0
2025-12-03 01:23:00,86,99,high,0
2025-12-03 01:24:00,58,94,low,0
2025-12-03 01:25:00,86,100,low,0
2025-12-03 01:26:00,101,94,low,0
2025-12-03 01:27:00,74,92,high,0
2025-12-03 01:28:00,80,97,moderate,0
2025-12-03 01:29:00,106,89,low,0
2025-12-03 01:30:00,58,99,moderate,0
2025-12-03 01:31:00,80,97,low,0
2025-12-03 01:32:00,101,98,high,0
2025-12-03 01:33:00,93,89,low,0
2025-12-03 01:34:00,77,99,high,0
2025-12-03 01:35:00,90,96,moderate,0
2025-12-03 01:36:00,66,95,low,0
2025-12-03 01:37:00,109,92,low,0
2025-12-03 01:38:00,82,93,low,0
2025-12-03 01:39:00,89,88,low,0
2025-12-03 01:40:00,68,92,low,0
2025-12-03 01:41:00,103,93,low,0
2025-12-03 01:42:00,93,89,low,0
2025-12-03 01:43:00,93,94,low,0
2025-12-03 01:44:00,63,89,moderate,0
2025-12-03 01:45:00,69,92,low,0
2025-12-03 01:46:00,88,86,low,1
2025-12-03 01:47:00,103,92,moderate,0
2025-12-03 01:48:00,72,93,moderate,0
2025-12-03 01:49:00,78,93,low,0
2025-12-03 01:50:00,64,100,moderate,0
2025-12-03 01:51:00,98,100,low,0
2025-12-03 01:52:00,77,95,low,0
2025-12-03 01:53:00,104,91,low,0
2025-12-03 01:54:00,70,88,low,0
2025-12-03 01:55:00,82,90,moderate,0
2025-12-03 01:56:00,60,98,low,0
2025-12-03 01:57:00,100,97,low,0
2025-12-03 01:58:00,75,98,low,0
2025-12-03 01:59:00,66,95,low,0
2025-12-03 02:00:00,109,98,low,0
2025-12-03 02:01:00,61,88,low,0
2025-12-03 02:02:00,99,100,low,0
2025-12-03 02:03:00,91,95,low,0
2025-12-03 02:04:00,77,96,low,0
2025-12-03 02:05:00,74,93,moderate,0
2025-12-03 02:06:00,66,97,high,0
2025-12-03 02:07:00,56,90,high,0
2025-12-03 02:08:00,62,95,high,0
2025-12-03 02:09:00,82,89,low,0
2025-12-03 02:10:00,105,100,low,0
2025-12-03 02:11:00,96,99,low,0
2025-12-03 02:12:00,91,94,moderate,0
2025-12-03 02:13:00,61,97,low,0
2025-12-03 02:14:00,93,97,moderate,0
2025-12-03 02:15:00,154,78,low,1
2025-12-03 02:16:00,94,89,low,0
2025-12-03 02:17:00,108,97,high,0
2025-12-03 02:18:00,66,99,moderate,0
2025-12-03 02:19:00,93,96,low,0
2025-12-03 02:20:00,101,93,low,0
2025-12-03 02:21:00,107,91,high,0
2025-12-03 02:22:00,106,95,moderate,0
2025-12-03 02:23:00,66,91,moderate,0
2025-12-03 02:24:00,88,97,low,0
2025-12-03 02:25:00,72,90,low,0
2025-12-03 02:26:00,96,95,low,0
2025-12-03 02:27:00,67,99,low,0
2025-12-03 02:28:00,67,93,low,0
2025-12-03 02:29:00,84,96,moderate,0
2025-12-03 02:30:00,66,93,low,0
2025-12-03 02:31:00,67,90,low,0
2025-12-03 02:32:00,84,98,moderate,0
2025-12-03 02:33:00,105,92,low,0
2025-12-03 02:34:00,59,91,low,0
2025-12-03 02:35:00,87,100,moderate,0
2025-12-03 02:36:00,74,98,moderate,0
2025-12-03 02:37:00,63,91,low,0
2025-12-03 02:38:00,151,92,low,1
2025-12-03 02:39:00,71,90,low,0
2025-12-03 02:40:00,123,88,moderate,1
2025-12-03 02:41:00,100,98,moderate,0
2025-12-03 02:42:00,94,99,moderate,0
2025-12-03 02:43:00,79,93,low,0
2025-12-03 02:44:00,67,99,low,0
2025-12-03 02:45:00,63,98,low,0
2025-12-03 02:46:00,108,97,low,0
2025-12-03 02:47:00,105,90,moderate,0
2025-12-03 02:48:00,79,98,low,0
2025-12-03 02:49:00,93,91,low,0
2025-12-03 02:50:00,61,94,high,0
2025-12-03 02:51:00,93,92,moderate,0
2025-12-03 02:52:00,57,92,low,0
2025-12-03 02:53:00,85,98,low,0
2025-12-03 02:54:00,81,93,moderate,0
2025-12-03 02:55:00,87,90,high,0
2025-12-03 02:56:00,97,95,moderate,0
2025-12-03 02:57:00,105,100,low,0
2025-12-03 02:58:00,65,96,low,0
2025-12-03 02:59:00,70,95,moderate,0
2025-12-03 03:00:00,57,94,low,0
2025-12-03 03:01:00,79,98,moderate,0
2025-12-03 03:02:00,71,90,low,0
2025-12-03 03:03:00,75,98,low,0
2025-12-03 03:04:00,86,91,moderate,0
2025-12-03 03:05:00,81,97,low,0
2025-12-03 03:06:00,89,97,low,0
2025-12-03 03:07:00,102,94,moderate,0
2025-12-03 03:08:00,63,92,low,0
2025-12-03 03:09:00,61,94,low,0
2025-12-03 03:10:00,55,95,low,0
2025-12-03 03:11:00,94,91,low,0
2025-12-03 03:12:00,92,99,low,0
2025-12-03 03:13:00,99,100,low,0
2025-12-03 03:14:00,97,90,low,0
2025-12-03 03:15:00,62,90,low,0
2025-12-03 03:16:00,70,97,moderate,0
2025-12-03 03:17:00,104,95,low,0
2025-12-03 03:18:00,68,90,low,0
2025-12-03 03:19:00,95,96,high,0
2025-12-03 03:20:00,65,92,low,0
2025-12-03 03:21:00,108,91,moderate,0
2025-12-03 03:22:00,55,100,high,0
2025-12-03 03:23:00,81,98,high,0
2025-12-03 03:24:00,67,88,low,0
2025-12-03 03:25:00,81,100,low,0
2025-12-03 03:26:00,98,94,moderate,0
2025-12-03 03:27:00,97,92,low,0
2025-12-03 03:28:00,67,95,low,0
2025-12-03 03:29:00,78,94,low,0
2025-12-03 03:30:00,149,87,moderate,1
2025-12-03 03:31:00,104,93,low,0
2025-12-03 03:32:00,63,96,low,0
2025-12-03 03:33:00,88,90,low,0
2025-12-03 03:34:00,79,93,moderate,0
2025-12-03 03:35:00,104,96,low,0
2025-12-03 03:36:00,99,90,moderate,0
2025-12-03 03:37:00,99,88,high,0
2025-12-03 03:38:00,99,94,moderate,0
2025-12-03 03:39:00,83,90,low,0
2025-12-03 03:40:00,56,99,low,0
2025-12-03 03:41:00,106,92,low,0
2025-12-03 03:42:00,77,92,low,0
2025-12-03 03:43:00,71,96,low,0
2025-12-03 03:44:00,136,82,high,1
2025-12-03 03:45:00,66,88,low,0
2025-12-03 03:46:00,68,100,low,0
2025-12-03 03:47:00,99,88,low,0
2025-12-03 03:48:00,60,97,moderate,0
2025-12-03 03:49:00,65,97,low,0
2025-12-03 03:50:00,75,88,low,0
2025-12-03 03:51:00,105,89,moderate,0
2025-12-03 03:52:00,102,100,moderate,0
2025-12-03 03:53:00,77,93,moderate,0
2025-12-03 03:54:00,64,96,moderate,0
2025-12-03 03:55:00,93,96,low,0
2025-12-03 03:56:00,87,89,low,0
2025-12-03 03:57:00,95,91,low,0
2025-12-03 03:58:00,102,89,high,0
2025-12-03 03:59:00,85,97,low,0
2025-12-03 04:00:00,68,94,low,0
2025-12-03 04:01:00,75,93,moderate,0
2025-12-03 04:02:00,61,93,low,0
2025-12-03 04:03:00,76,95,low,0
2025-12-03 04:04:00,64,98,low,0
2025-12-03 04:05:00,101,96,moderate,0
2025-12-03 04:06:00,142,84,low,1
2025-12-03 04:07:00,108,89,moderate,0
2025-12-03 04:08:00,64,99,low,0
2025-12-03 04:09:00,93,92,moderate,0
2025-12-03 04:10:00,72,97,moderate,0
2025-12-03 04:11:00,98,97,high,0
2025-12-03 04:12:00,82,91,low,0
2025-12-03 04:13:00,104,99,low,0
2025-12-03 04:14:00,69,98,low,0
2025-12-03 04:15:00,72,91,low,0
2025-12-03 04:16:00,109,100,moderate,0
2025-12-03 04:17:00,93,94,high,0
2025-12-03 04:18:00,95,95,low,0
2025-12-03 04:19:00,88,92,low,0
2025-12-03 04:20:00,85,91,low,0
2025-12-03 04:21:00,75,90,moderate,0
2025-12-03 04:22:00,123,93,moderate,1
2025-12-03 04:23:00,69,93,high,0
2025-12-03 04:24:00,141,83,high,1
2025-12-03 04:25:00,99,99,moderate,0
2025-12-03 04:26:00,61,94,low,0
2025-12-03 04:27:00,101,95,high,0
2025-12-03 04:28:00,98,90,moderate,0
2025-12-03 04:29:00,82,90,low,0
2025-12-03 04:30:00,55,97,low,0
2025-12-03 04:31:00,100,100,low,0
2025-12-03 04:32:00,80,93,low,0
2025-12-03 04:33:00,66,94,moderate,0
2025-12-03 04:34:00,73,95,moderate,0
2025-12-03 04:35:00,97,98,low,0
2025-12-03 04:36:00,77,99,low,0
2025-12-03 04:37:00,91,89,low,0
2025-12-03 04:38:00,100,100,moderate,0
2025-12-03 04:39:00,97,97,low,0
2025-12-03 04:40:00,129,85,low,1
2025-12-03 04:41:00,100,92,low,0
2025-12-03 04:42:00,93,99,high,0
2025-12-03 04:43:00,61,88,low,0
2025-12-03 04:44:00,67,100,moderate,0
2025-12-03 04:45:00,78,94,moderate,0
2025-12-03 04:46:00,97,94,low,0
2025-12-03 04:47:00,58,92,moderate,0
2025-12-03 04:48:00,64,99,moderate,0
2025-12-03 04:49:00,98,94,moderate,0
2025-12-03 04:50:00,107,89,low,0
2025-12-03 04:51:00,81,90,low,0
2025-12-03 04:52:00,88,91,low,0
2025-12-03 04:53:00,64,90,low,0
2025-12-03 04:54:00,96,96,moderate,0
2025-12-03 04:55:00,85,88,low,0
2025-12-03 04:56:00,99,90,low,0
2025-12-03 04:57:00,94,92,low,0
2025-12-03 04:58:00,58,92,high,0
2025-12-03 04:59:00,81,92,low,0
2025-12-03 05:00:00,68,96,low,0
2025-12-03 05:01:00,84,95,low,0
2025-12-03 05:02:00,93,99,low,0
2025-12-03 05:03:00,56,100,moderate,0
2025-12-03 05:04:00,92,88,moderate,0
2025-12-03 05:05:00,157,85,low,1
2025-12-03 05:06:00,106,100,moderate,0
2025-12-03 05:07:00,72,88,moderate,0
2025-12-03 05:08:00,102,99,low,0
2025-12-03 05:09:00,55,97,low,0
2025-12-03 05:10:00,59,93,low,0
2025-12-03 05:11:00,63,90,moderate,0
2025-12-03 05:12:00,80,89,high,0
2025-12-03 05:13:00,60,93,low,0
2025-12-03 05:14:00,96,89,moderate,0
2025-12-03 05:15:00,101,97,moderate,0
2025-12-03 05:16:00,93,99,low,0
2025-12-03 05:17:00,104,92,low,0
2025-12-03 05:18:00,72,98,low,0
2025-12-03 05:19:00,99,90,low,0
2025-12-03 05:20:00,89,99,moderate,0
2025-12-03 05:21:00,95,91,moderate,0
2025-12-03 05:22:00,99,90,moderate,0
2025-12-03 05:23:00,85,95,low,0
2025-12-03 05:24:00,92,96,moderate,0
2025-12-03 05:25:00,69,94,moderate,0
2025-12-03 05:26:00,106,90,low,0
2025-12-03 05:27:00,71,95,low,0
2025-12-03 05:28:00,84,89,low,0
2025-12-03 05:29:00,96,98,low,0
2025-12-03 05:30:00,61,91,low,0
2025-12-03 05:31:00,84,98,low,0
2025-12-03 05:32:00,71,96,low,0
2025-12-03 05:33:00,107,96,high,0
2025-12-03 05:34:00,88,92,high,0
2025-12-03 05:35:00,95,95,low,0
2025-12-03 05:36:00,65,94,low,0
2025-12-03 05:37:00,70,89,low,0
2025-12-03 05:38:00,104,98,low,0
2025-12-03 05:39:00,96,93,high,0
2025-12-03 05:40:00,69,94,moderate,0
2025-12-03 05:41:00,93,88,moderate,0
2025-12-03 05:42:00,77,95,low,0
2025-12-03 05:43:00,56,90,low,0
2025-12-03 05:44:00,70,99,moderate,0
2025-12-03 05:45:00,122,86,low,1
2025-12-03 05:46:00,85,97,low,0
2025-12-03 05:47:00,97,97,low,0
2025-12-03 05:48:00,86,90,moderate,0
2025-12-03 05:49:00,84,97,low,0
2025-12-03 05:50:00,71,97,low,0
2025-12-03 05:51:00,73,91,moderate,0
2025-12-03 05:52:00,65,94,high,0
2025-12-03 05:53:00,95,97,low,0
2025-12-03 05:54:00,55,96,moderate,0
2025-12-03 05:55:00,82,98,low,0
2025-12-03 05:56:00,63,88,moderate,0
2025-12-03 05:57:00,81,100,low,0
2025-12-03 05:58:00,102,89,low,0
2025-12-03 05:59:00,87,97,moderate,0
2025-12-03 06:00:00,82,96,high,0
2025-12-03 06:01:00,59,92,low,0
2025-12-03 06:02:00,94,91,moderate,0
2025-12-03 06:03:00,101,95,low,0
2025-12-03 06:04:00,104,100,moderate,0
2025-12-03 06:05:00,109,92,moderate,0
2025-12-03 06:06:00,106,96,low,0
2025-12-03 06:07:00,89,95,low,0
2025-12-03 06:08:00,104,90,low,0
2025-12-03 06:09:00,66,99,high,0
2025-12-03 06:10:00,72,97,low,0
2025-12-03 06:11:00,60,90,low,0
2025-12-03 06:12:00,159,86,low,1
2025-12-03 06:13:00,96,94,low,0
2025-12-03 06:14:00,57,96,low,0
2025-12-03 06:15:00,68,94,low,0
2025-12-03 06:16:00,92,90,low,0
2025-12-03 06:17:00,97,91,moderate,0
2025-12-03 06:18:00,109,95,low,0
2025-12-03 06:19:00,58,98,moderate,0
2025-12-03 06:20:00,58,89,low,0
2025-12-03 06:21:00,84,89,low,0
2025-12-03 06:22:00,63,94,low,0
2025-12-03 06:23:00,69,95,low,0
2025-12-03 06:24:00,102,100,low,0
2025-12-03 06:25:00,103,89,low,0
2025-12-03 06:26:00,67,90,moderate,0
2025-12-03 06:27:00,72,100,low,0
2025-12-03 06:28:00,108,99,low,0
2025-12-03 06:29:00,88,94,low,0
2025-12-03 06:30:00,92,100,low,0
2025-12-03 06:31:00,93,94,low,0
2025-12-03 06:32:00,99,94,moderate,0
2025-12-03 06:33:00,59,98,low,0
2025-12-03 06:34:00,71,93,low,0
2025-12-03 06:35:00,86,100,low,0
2025-12-03 06:36:00,78,96,high,0
2025-12-03 06:37:00,102,90,low,0
2025-12-03 06:38:00,56,99,low,0
2025-12-03 06:39:00,90,90,low,0
2025-12-03 06:40:00,95,89,low,0
2025-12-03 06:41:00,87,90,moderate,0
2025-12-03 06:42:00,82,90,low,0
2025-12-03 06:43:00,104,100,low,0
2025-12-03 06:44:00,86,93,low,0
2025-12-03 06:45:00,108,88,moderate,0
2025-12-03 06:46:00,77,95,low,0
2025-12-03 06:47:00,73,93,low,0
2025-12-03 06:48:00,59,98,low,0
2025-12-03 06:49:00,90,99,low,0
2025-12-03 06:50:00,65,98,moderate,0
2025-12-03 06:51:00,107,98,low,0
2025-12-03 06:52:00,98,96,moderate,0
2025-12-03 06:53:00,89,92,high,0
2025-12-03 06:54:00,58,94,low,0
2025-12-03 06:55:00,64,90,moderate,0
2025-12-03 06:56:00,71,95,low,0
2025-12-03 06:57:00,107,90,low,0
2025-12-03 06:58:00,105,98,moderate,0
2025-12-03 06:59:00,102,90,moderate,0
2025-12-03 07:00:00,109,100,moderate,0
2025-12-03 07:01:00,81,98,low,0
2025-12-03 07:02:00,62,94,low,0
2025-12-03 07:03:00,60,99,moderate,0
2025-12-03 07:04:00,81,95,low,0
2025-12-03 07:05:00,71,90,high,0
2025-12-03 07:06:00,82,97,low,0
2025-12-03 07:07:00,107,95,low,0
2025-12-03 07:08:00,82,92,low,0
2025-12-03 07:09:00,56,97,low,0
2025-12-03 07:10:00,83,99,moderate,0
2025-12-03 07:11:00,70,98,low,0
2025-12-03 07:12:00,73,92,low,0
2025-12-03 07:13:00,107,89,low,0
2025-12-03 07:14:00,69,91,low,0
2025-12-03 07:15:00,100,88,moderate,0
2025-12-03 07:16:00,94,93,high,0
2025-12-03 07:17:00,101,90,moderate,0
2025-12-03 07:18:00,64,96,moderate,0
2025-12-03 07:19:00,88,92,low,0
2025-12-03 07:20:00,59,89,low,0
2025-12-03 07:21:00,98,89,high,0
2025-12-03 07:22:00,95,96,low,0
2025-12-03 07:23:00,64,100,low,0
2025-12-03 07:24:00,99,93,low,0
2025-12-03 07:25:00,74,93,low,0
2025-12-03 07:26:00,79,90,low,0
2025-12-03 07:27:00,102,93,moderate,0
2025-12-03 07:28:00,56,88,low,0
2025-12-03 07:29:00,101,95,moderate,0
2025-12-03 07:30:00,74,92,low,0
2025-12-03 07:31:00,97,98,moderate,0
2025-12-03 07:32:00,61,96,low,0
2025-12-03 07:33:00,70,99,low,0
2025-12-03 07:34:00,58,99,low,0
2025-12-03 07:35:00,60,89,low,0
2025-12-03 07:36:00,85,90,low,0
2025-12-03 07:37:00,99,91,high,0
2025-12-03 07:38:00,86,88,low,0
2025-12-03 07:39:00,85,95,low,0
2025-12-03 07:40:00,68,89,low,0
2025-12-03 07:41:00,96,91,low,0
2025-12-03 07:42:00,93,92,low,0
2025-12-03 07:43:00,55,100,low,0
2025-12-03 07:44:00,107,97,low,0
2025-12-03 07:45:00,104,98,low,0
2025-12-03 07:46:00,105,95,low,0
2025-12-03 07:47:00,59,98,moderate,0
2025-12-03 07:48:00,88,98,moderate,0
2025-12-03 07:49:00,59,93,low,0
2025-12-03 07:50:00,81,96,low,0
2025-12-03 07:51:00,61,97,low,0
2025-12-03 07:52:00,88,100,low,0
2025-12-03 07:53:00,88,98,moderate,0
2025-12-03 07:54:00,100,94,moderate,0
2025-12-03 07:55:00,86,95,low,0
2025-12-03 07:56:00,68,95,low,0
2025-12-03 07:57:00,102,100,low,0
2025-12-03 07:58:00,97,83,low,1
2025-12-03 07:59:00,77,90,low,0
2025-12-03 08:00:00,93,97,low,0
2025-12-03 08:01:00,70,93,low,0
2025-12-03 08:02:00,80,90,low,0
2025-12-03 08:03:00,99,95,moderate,0
2025-12-03 08:04:00,88,100,low,0
2025-12-03 08:05:00,102,96,low,0
2025-12-03 08:06:00,79,97,moderate,0
2025-12-03 08:07:00,81,91,low,0
2025-12-03 08:08:00,79,93,low,0
2025-12-03 08:09:00,72,95,low,0
2025-12-03 08:10:00,101,94,low,0
2025-12-03 08:11:00,88,88,low,0
2025-12-03 08:12:00,101,91,low,0
2025-12-03 08:13:00,96,92,low,0
2025-12-03 08:14:00,98,100,moderate,0
2025-12-03 08:15:00,88,94,moderate,0
2025-12-03 08:16:00,60,91,low,0
2025-12-03 08:17:00,75,89,low,0
2025-12-03 08:18:00,86,98,moderate,0
2025-12-03 08:19:00,161,90,low,1
2025-12-03 08:20:00,107,100,low,0
2025-12-03 08:21:00,78,95,moderate,0
2025-12-03 08:22:00,87,92,low,0
2025-12-03 08:23:00,56,88,moderate,0
2025-12-03 08:24:00,81,97,low,0
2025-12-03 08:25:00,94,94,moderate,0
2025-12-03 08:26:00,103,91,moderate,0
2025-12-03 08:27:00,71,100,low,0
2025-12-03 08:28:00,90,93,high,0
2025-12-03 08:29:00,70,90,moderate,0
2025-12-03 08:30:00,77,88,low,0
2025-12-03 08:31:00,103,92,low,0
2025-12-03 08:32:00,68,88,high,0
2025-12-03 08:33:00,96,95,low,0
2025-12-03 08:34:00,75,92,high,0
2025-12-03 08:35:00,55,100,moderate,0
2025-12-03 08:36:00,84,93,high,0
2025-12-03 08:37:00,86,95,low,0
2025-12-03 08:38:00,83,89,low,0
2025-12-03 08:39:00,104,100,low,0
2025-12-03 08:40:00,99,91,moderate,0
2025-12-03 08:41:00,74,94,low,0
2025-12-03 08:42:00,80,96,low,0
2025-12-03 08:43:00,81,95,low,0
2025-12-03 08:44:00,104,98,low,0
2025-12-03 08:45:00,68,96,low,0
2025-12-03 08:46:00,108,88,low,0
2025-12-03 08:47:00,72,99,low,0
2025-12-03 08:48:00,98,89,low,0
2025-12-03 08:49:00,127,83,moderate,1
2025-12-03 08:50:00,67,91,low,0
2025-12-03 08:51:00,96,93,low,0
2025-12-03 08:52:00,94,90,moderate,0
2025-12-03 08:53:00,98,92,low,0
2025-12-03 08:54:00,77,89,low,0
2025-12-03 08:55:00,66,89,high,0
2025-12-03 08:56:00,101,94,high,0
2025-12-03 08:57:00,61,92,low,0
2025-12-03 08:58:00,87,98,moderate,0
2025-12-03 08:59:00,73,100,low,0
2025-12-03 09:00:00,78,94,high,0
2025-12-03 09:01:00,75,91,low,0
2025-12-03 09:02:00,144,87,moderate,1
2025-12-03 09:03:00,132,83,low,1
2025-12-03 09:04:00,96,100,moderate,0
2025-12-03 09:05:00,69,100,low,0
2025-12-03 09:06:00,101,100,moderate,0
2025-12-03 09:07:00,69,96,low,0
2025-12-03 09:08:00,102,92,low,0
2025-12-03 09:09:00,75,93,low,0
2025-12-03 09:10:00,76,90,high,0
2025-12-03 09:11:00,61,94,moderate,0
2025-12-03 09:12:00,57,97,moderate,0
2025-12-03 09:13:00,62,95,low,0
2025-12-03 09:14:00,93,100,high,0
2025-12-03 09:15:00,101,98,high,0
2025-12-03 09:16:00,79,90,low,0
2025-12-03 09:17:00,59,91,low,0
2025-12-03 09:18:00,75,100,low,0
2025-12-03 09:19:00,87,99,low,0
2025-12-03 09:20:00,108,98,low,0
2025-12-03 09:21:00,99,90,moderate,0
2025-12-03 09:22:00,108,99,moderate,0
2025-12-03 09:23:00,104,89,low,0
2025-12-03 09:24:00,56,92,low,0
2025-12-03 09:25:00,105,92,high,0
2025-12-03 09:26:00,84,96,moderate,0
2025-12-03 09:27:00,104,99,moderate,0
2025-12-03 09:28:00,66,88,low,0
2025-12-03 09:29:00,88,90,low,0
2025-12-03 09:30:00,72,99,low,0
2025-12-03 09:31:00,60,99,low,0
2025-12-03 09:32:00,61,97,low,0
2025-12-03 09:33:00,78,91,low,0
2025-12-03 09:34:00,78,88,low,0
2025-12-03 09:35:00,72,94,low,0
2025-12-03 09:36:00,81,90,moderate,0
2025-12-03 09:37:00,101,99,low,0
2025-12-03 09:38:00,88,92,low,0
2025-12-03 09:39:00,85,89,moderate,0
2025-12-03 09:40:00,106,91,low,0
2025-12-03 09:41:00,87,92,low,0
2025-12-03 09:42:00,68,97,low,0
2025-12-03 09:43:00,59,88,low,0
2025-12-03 09:44:00,58,90,low,0
2025-12-03 09:45:00,62,96,low,0
2025-12-03 09:46:00,70,89,low,0
2025-12-03 09:47:00,81,92,low,0
2025-12-03 09:48:00,108,91,low,0
2025-12-03 09:49:00,93,94,low,0
2025-12-03 09:50:00,88,97,low,0
2025-12-03 09:51:00,68,90,low,0
2025-12-03 09:52:00,88,93,low,0
2025-12-03 09:53:00,58,95,low,0
2025-12-03 09:54:00,72,99,moderate,0
2025-12-03 09:55:00,70,97,moderate,0
2025-12-03 09:56:00,67,91,low,0
2025-12-03 09:57:00,86,96,low,0
2025-12-03 09:58:00,72,88,high,0
2025-12-03 09:59:00,88,94,low,0
2025-12-03 10:00:00,76,100,moderate,0
2025-12-03 10:01:00,80,97,low,0
2025-12-03 10:02:00,71,94,moderate,0
2025-12-03 10:03:00,68,89,low,0
2025-12-03 10:04:00,102,89,low,0
2025-12-03 10:05:00,87,89,high,0
2025-12-03 10:06:00,130,79,low,1
2025-12-03 10:07:00,96,88,moderate,0
2025-12-03 10:08:00,93,94,moderate,0
2025-12-03 10:09:00,76,99,low,0
2025-12-03 10:10:00,97,97,moderate,0
2025-12-03 10:11:00,79,88,low,0
2025-12-03 10:12:00,93,91,moderate,0
2025-12-03 10:13:00,141,93,low,1
2025-12-03 10:14:00,106,92,moderate,0
2025-12-03 10:15:00,103,90,low,0
2025-12-03 10:16:00,61,98,low,0
2025-12-03 10:17:00,65,93,low,0
2025-12-03 10:18:00,107,90,low,0
2025-12-03 10:19:00,79,92,low,0
2025-12-03 10:20:00,86,98,low,0
2025-12-03 10:21:00,65,98,low,0
2025-12-03 10:22:00,93,99,low,0
2025-12-03 10:23:00,87,100,moderate,0
2025-12-03 10:24:00,72,92,low,0
2025-12-03 10:25:00,98,91,high,0
2025-12-03 10:26:00,71,93,high,0
2025-12-03 10:27:00,80,89,moderate,0
2025-12-03 10:28:00,64,98,low,0
2025-12-03 10:29:00,70,99,high,0
2025-12-03 10:30:00,70,88,moderate,0
2025-12-03 10:31:00,67,95,low,0
2025-12-03 10:32:00,90,90,low,0
2025-12-03 10:33:00,55,99,moderate,0
2025-12-03 10:34:00,92,97,low,0
2025-12-03 10:35:00,70,99,low,0
2025-12-03 10:36:00,109,99,moderate,0
2025-12-03 10:37:00,83,99,moderate,0
2025-12-03 10:38:00,107,89,low,0
2025-12-03 10:39:00,114,87,moderate,1
2025-12-03 10:40:00,84,94,low,0
2025-12-03 10:41:00,61,97,moderate,0
2025-12-03 10:42:00,62,100,moderate,0
2025-12-03 10:43:00,101,92,moderate,0
2025-12-03 10:44:00,92,94,low,0
2025-12-03 10:45:00,78,90,low,0
2025-12-03 10:46:00,57,98,low,0
2025-12-03 10:47:00,81,95,high,0
2025-12-03 10:48:00,105,90,low,0
2025-12-03 10:49:00,91,98,low,0
2025-12-03 10:50:00,70,94,low,0
2025-12-03 10:51:00,86,91,low,0
2025-12-03 10:52:00,86,96,low,0
2025-12-03 10:53:00,99,92,moderate,0
2025-12-03 10:54:00,55,94,moderate,0
2025-12-03 10:55:00,103,98,low,0
2025-12-03 10:56:00,89,93,low,0
2025-12-03 10:57:00,66,95,moderate,0
2025-12-03 10:58:00,95,90,low,0
2025-12-03 10:59:00,72,96,high,0
2025-12-03 11:00:00,90,99,moderate,0
2025-12-03 11:01:00,109,89,low,0
2025-12-03 11:02:00,81,95,low,0
2025-12-03 11:03:00,68,98,low,0
2025-12-03 11:04:00,75,97,low,0
2025-12-03 11:05:00,75,91,moderate,0
2025-12-03 11:06:00,106,94,moderate,0
2025-12-03 11:07:00,86,89,low,0
2025-12-03 11:08:00,91,89,low,0
2025-12-03 11:09:00,95,96,low,0
2025-12-03 11:10:00,71,93,moderate,0
2025-12-03 11:11:00,70,93,low,0
2025-12-03 11:12:00,94,100,low,0
2025-12-03 11:13:00,70,97,moderate,0
2025-12-03 11:14:00,67,96,low,0
2025-12-03 11:15:00,138,85,low,1
2025-12-03 11:16:00,77,98,low,0
2025-12-03 11:17:00,62,96,low,0
2025-12-03 11:18:00,104,88,high,0
2025-12-03 11:19:00,106,96,moderate,0
2025-12-03 11:20:00,71,89,low,0
2025-12-03 11:21:00,70,98,low,0
2025-12-03 11:22:00,67,91,low,0
2025-12-03 11:23:00,81,98,low,0
2025-12-03 11:24:00,57,89,low,0
2025-12-03 11:25:00,102,88,moderate,0
2025-12-03 11:26:00,63,95,low,0
2025-12-03 11:27:00,62,90,moderate,0
2025-12-03 11:28:00,84,98,low,0
2025-12-03 11:29:00,101,95,high,0
2025-12-03 11:30:00,97,92,low,0
2025-12-03 11:31:00,100,95,low,0
2025-12-03 11:32:00,96,98,low,0
2025-12-03 11:33:00,62,100,low,0
2025-12-03 11:34:00,104,89,low,0
2025-12-03 11:35:00,96,100,high,0
2025-12-03 11:36:00,64,97,low,0
2025-12-03 11:37:00,65,88,high,0
2025-12-03 11:38:00,90,88,low,0
2025-12-03 11:39:00,109,89,low,0
2025-12-03 11:40:00,73,99,moderate,0
2025-12-03 11:41:00,77,92,low,0
2025-12-03 11:42:00,56,99,low,0
2025-12-03 11:43:00,103,93,low,0
2025-12-03 11:44:00,62,99,low,0
2025-12-03 11:45:00,89,93,moderate,0
2025-12-03 11:46:00,108,92,low,0
2025-12-03 11:47:00,55,88,low,0
2025-12-03 11:48:00,63,100,low,0
2025-12-03 11:49:00,79,90,low,0
2025-12-03 11:50:00,57,92,moderate,0
2025-12-03 11:51:00,61,95,low,0
2025-12-03 11:52:00,90,99,moderate,0
2025-12-03 11:53:00,89,94,low,0
2025-12-03 11:54:00,88,88,moderate,0
2025-12-03 11:55:00,78,99,moderate,0
2025-12-03 11:56:00,95,91,low,0
2025-12-03 11:57:00,60,94,low,0
2025-12-03 11:58:00,77,90,moderate,0
2025-12-03 11:59:00,119,82,low,1
2025-12-03 12:00:00,91,91,low,0
2025-12-03 12:01:00,70,94,low,0
2025-12-03 12:02:00,71,91,low,0
2025-12-03 12:03:00,85,95,moderate,0
2025-12-03 12:04:00,92,91,low,0
2025-12-03 12:05:00,97,90,low,0
2025-12-03 12:06:00,60,95,low,0
2025-12-03 12:07:00,82,93,low,0
2025-12-03 12:08:00,71,88,low,0
2025-12-03 12:09:00,78,90,low,0
2025-12-03 12:10:00,80,97,low,0
2025-12-03 12:11:00,84,91,low,0
2025-12-03 12:12:00,101,98,moderate,0
2025-12-03 12:13:00,86,88,low,0
2025-12-03 12:14:00,62,97,low,0
2025-12-03 12:15:00,106,94,moderate,0
2025-12-03 12:16:00,103,99,moderate,0
2025-12-03 12:17:00,74,92,low,0
2025-12-03 12:18:00,80,92,low,0
2025-12-03 12:19:00,95,98,moderate,0
2025-12-03 12:20:00,79,99,low,0
2025-12-03 12:21:00,59,92,low,0
2025-12-03 12:22:00,72,90,low,0
2025-12-03 12:23:00,70,100,low,0
2025-12-03 12:24:00,64,90,moderate,0
2025-12-03 12:25:00,66,99,moderate,0
2025-12-03 12:26:00,87,91,moderate,0
2025-12-03 12:27:00,98,88,moderate,0
2025-12-03 12:28:00,107,98,moderate,0
2025-12-03 12:29:00,61,96,low,0
2025-12-03 12:30:00,95,98,low,0
2025-12-03 12:31:00,74,98,moderate,0
2025-12-03 12:32:00,81,94,low,0
2025-12-03 12:33:00,106,89,moderate,0
2025-12-03 12:34:00,69,93,moderate,0
2025-12-03 12:35:00,92,97,low,0
2025-12-03 12:36:00,64,98,moderate,0
2025-12-03 12:37:00,94,88,moderate,0
2025-12-03 12:38:00,71,98,moderate,0
2025-12-03 12:39:00,82,92,moderate,0
2025-12-03 12:40:00,80,99,low,0
2025-12-03 12:41:00,101,95,low,0
2025-12-03 12:42:00,82,99,low,0
2025-12-03 12:43:00,55,93,low,0
2025-12-03 12:44:00,120,83,moderate,1
2025-12-03 12:45:00,82,89,low,0
2025-12-03 12:46:00,71,96,high,0
2025-12-03 12:47:00,64,93,moderate,0
2025-12-03 12:48:00,94,92,low,0
2025-12-03 12:49:00,68,99,moderate,0
2025-12-03 12:50:00,69,93,low,0
2025-12-03 12:51:00,98,89,moderate,0
2025-12-03 12:52:00,92,96,high,0
2025-12-03 12:53:00,107,91,low,0
2025-12-03 12:54:00,60,88,moderate,0
2025-12-03 12:55:00,100,89,low,0
2025-12-03 12:56:00,64,97,moderate,0
2025-12-03 12:57:00,59,88,moderate,0
2025-12-03 12:58:00,100,99,low,0
2025-12-03 12:59:00,77,88,moderate,0
2025-12-03 13:00:00,79,97,low,0
2025-12-03 13:01:00,60,89,low,0
2025-12-03 13:02:00,78,98,low,0
2025-12-03 13:03:00,61,100,moderate,0
